USE EventsWorkbench;

INSERT INTO Entidade (Id,Endereco, Nome,Email,Telemovel)
VALUES  (1,'Braga','Rodrigo Gonçalves','Rodrigo_Gonçalves@mail.pt','939898677'),
	(2,'Portimão','Gonçalo Pinho','Gonçalo_Pinho@mail.pt','938253925'),
	(3,'Funchal','Martim Anjos','Martim_Anjos@mail.pt','938564942'),
	(4,'Porto','Francisco Simões','Francisco_Simões@mail.pt','937841037'),
	(5,'Funchal','Duarte Leal','Duarte_Leal@mail.pt','931678810'),
	(6,'Faro','Tomás Amorim','Tomás_Amorim@mail.pt','932249721'),
	(7,'Portimão','Gabriel Freitas','Gabriel_Freitas@mail.pt','936066676'),
	(8,'Amadora','Gabriel Batista','Gabriel_Batista@mail.pt','936731590'),
	(9,'Guimarães','Duarte Rodrigues','Duarte_Rodrigues@mail.pt','938266154'),
	(10,'Odivelas','Afonso Fernandes','Afonso_Fernandes@mail.pt','938119672'),
	(11,'Setúbal','Tiago Monteiro','Tiago_Monteiro@mail.pt','931460285'),
	(12,'Agualva-Cacém','Alice Nogueira','Alice_Nogueira@mail.pt','934254312'),
	(13,'Amadora','Guilherme Moura','Guilherme_Moura@mail.pt','930019252'),
	(14,'Faro','Matias Machado','Matias_Machado@mail.pt','936325104'),
	(15,'Porto','Nuno Domingues','Nuno_Domingues@mail.pt','938706919'),
	(16,'Braga','Matias Costa','Matias_Costa@mail.pt','939480483'),
	(17,'Almada','Gustavo Domingues','Gustavo_Domingues@mail.pt','936217069'),
	(18,'Funchal','Diogo Soares','Diogo_Soares@mail.pt','938893867'),
	(19,'Rio Tinto','João Pinho','João_Pinho@mail.pt','937894606'),
	(20,'Amadora','António Almeida','António_Almeida@mail.pt','931686372'),
	(21,'Agualva-Cacém','Pedro Abreu','Pedro_Abreu@mail.pt','930417425'),
	(22,'Funchal','João Fonseca','João_Fonseca@mail.pt','934495742'),
	(23,'Faro','Vasco Monteiro','Vasco_Monteiro@mail.pt','933949413'),
	(24,'Rio Tinto','Pedro Ramos','Pedro_Ramos@mail.pt','937709443'),
	(25,'Porto','Rodrigo Antunes','Rodrigo_Antunes@mail.pt','931360166'),
	(26,'Viseu','Martim Carvalho','Martim_Carvalho@mail.pt','939297741'),
	(27,'Viseu','Vicente Raposo','Vicente_Raposo@mail.pt','936236486'),
	(28,'Funchal','Manuel Neves','Manuel_Neves@mail.pt','939298188'),
	(29,'Lisboa','Lara Barbosa','Lara_Barbosa@mail.pt','931480990'),
	(30,'Barreiro','Manuel Figueiredo','Manuel_Figueiredo@mail.pt','939706401'),
	(31,'Faro','Rafael Matos','Rafael_Matos@mail.pt','933073763'),
	(32,'Porto','Bruno Matos','Bruno_Matos@mail.pt','931617835'),
	(33,'Vila Nova de Gaia','Camila Pinheiro','Camila_Pinheiro@mail.pt','930756374'),
	(34,'Faro','Dinis Matias','Dinis_Matias@mail.pt','936271712'),
	(35,'Vila Nova de Gaia','Vicente Lima','Vicente_Lima@mail.pt','937310040'),
        (36,'Leiria','Jumpstart Bistro','jumpstart_bistro@mail.pt','933381367'),
        (37,'Évora','Wakey Wakey Coffee Shop','wakey_wakey_coffee_shop@mail.pt','935929449'),
        (38,'Amadora','Thinking Cup Joint','thinking_cup_joint@mail.pt','939643171'),
        (39,'Rio Tinto','Bean Bag Cafeteria','bean_bag_cafeteria@mail.pt','937240500'),
        (40,'Portimão','Big Mugs Coffee','big_mugs_coffee@mail.pt','930112602'),
        (41,'Barreiro','Tranquil Chocolate Cafeteria','tranquil_chocolate_cafeteria@mail.pt','937048652'),
        (42,'Faro','Unique Eden Cafe','unique_eden_cafe@mail.pt','939899812'),
        (43,'Lisboa','Havana Beach Diner','havana_beach_diner@mail.pt','932606694'),
        (44,'Portimão','Gentle Breeze Cafe','gentle_breeze_cafe@mail.pt','936736945'),
        (45,'Portimão','Peaceful Harvest Coffee Shop','peaceful_harvest_coffee_shop@mail.pt','937647104'),
        (46,'Rio Tinto','Symphony Plaza','symphony_plaza@mail.pt','937777053'),
        (47,'Odivelas','Marvel Plaza','marvel_plaza@mail.pt','931936164'),
        (48,'Queluz','Market Plaza','market_plaza@mail.pt','938865840'),
        (49,'Rio Tinto','Grand Palace Plaza','grand_palace_plaza@mail.pt','939517860'),
        (50,'Rio Tinto','Conquest Square','conquest_square@mail.pt','931696920'),
        (51,'Portimão','Sensation Plaza','sensation_plaza@mail.pt','939038301'),
        (52,'Funchal','Freedom Plaza','freedom_plaza@mail.pt','935428399'),
        (53,'Odivelas','Vineyard Square','vineyard_square@mail.pt','937058934'),
        (54,'Funchal','Augury Plaza','augury_plaza@mail.pt','934098233'),
        (55,'Leiria','Commemoration Square','commemoration_square@mail.pt','930315040'),
        (56,'Amadora','Neptune Shore','neptune_shore@mail.pt','932075300'),
        (57,'Funchal','Enchanted Bank','enchanted_bank@mail.pt','935354837'),
        (58,'Rio Tinto','Red Sands','red_sands@mail.pt','938980807'),
        (59,'Funchal','The Hummingbird','the_hummingbird@mail.pt','933415322'),
        (60,'Leiria','The Distant Strand','the_distant_strand@mail.pt','931440805'),
        (61,'Lisboa','Exisle Bank','exisle_bank@mail.pt','935961919'),
        (62,'Leiria','Middlesleche Strand','middlesleche_strand@mail.pt','933516585'),
        (63,'Barreiro','Bainmouth Sands','bainmouth_sands@mail.pt','938250139'),
        (64,'Almada','Munrial Edge','munrial_edge@mail.pt','930278633'),
        (65,'Viseu','Coatidon Strand','coatidon_strand@mail.pt','935439954');


INSERT INTO Local (Entidade_id,Descricao,Tipo,Lotacao)
VALUES 	(36,'Jumpstart Bistro',1,55),
        (37,'Wakey Wakey Coffee Shop',1,91),
        (38,'Thinking Cup Joint',1,57),
        (39,'Bean Bag Cafeteria',1,78),
        (40,'Big Mugs Coffee',1,97),
        (41,'Tranquil Chocolate Cafeteria',1,66),
        (42,'Unique Eden Cafe',1,88),
        (43,'Havana Beach Diner',1,54),
        (44,'Gentle Breeze Cafe',1,58),
        (45,'Peaceful Harvest Coffee Shop',1,91),
        (46,'Symphony Plaza',1,72),
        (47,'Marvel Plaza',1,82),
        (48,'Market Plaza',1,98),
        (49,'Grand Palace Plaza',1,100),
        (50,'Conquest Square',1,73),
        (51,'Sensation Plaza',1,75),
        (52,'Freedom Plaza',1,63),
        (53,'Vineyard Square',1,54),
        (54,'Augury Plaza',1,79),
        (55,'Commemoration Square',1,68),
        (56,'Neptune Shore',1,64),
        (57,'Enchanted Bank',1,82),
        (58,'Red Sands',1,68),
        (59,'The Hummingbird',1,83),
        (60,'The Distant Strand',1,90),
        (61,'Exisle Bank',1,89),
        (62,'Middlesleche Strand',1,55),
        (63,'Bainmouth Sands',1,81),
        (64,'Munrial Edge',1,95),
        (65,'Coatidon Strand',1,73);
                
INSERT INTO Organizador (Entidade_id, Descricao)
VALUES 	(20,'António Almeida'),
        (21,'Pedro Abreu'),
        (22,'João Fonseca'),
        (23,'Vasco Monteiro'),
        (24,'Pedro Ramos'),
        (25,'Rodrigo Antunes'),
        (26,'Martim Carvalho'),
        (27,'Vicente Raposo'),
        (28,'Manuel Neves'),
        (29,'Lara Barbosa'),
        (30,'Manuel Figueiredo'),
        (31,'Rafael Matos'),
        (32,'Bruno Matos'),
        (33,'Camila Pinheiro'),
        (34,'Dinis Matias'),
        (35,'Vicente Lima');
                
INSERT INTO Participante (Entidade_id,nif,DataDeNascimento,Genero)
VALUES (1,253572677,'1991-05-01',1),
				(2,233703579,'1995-11-17',1),
				(3,207767246,'1985-11-16',1),
        (4,224432618,'1998-04-20',1),
        (5,233736164,'1980-08-07',1),
        (6,261208828,'1997-03-19',1),
        (7,291049787,'1996-12-17',1),
        (8,264410652,'1988-06-09',1),
        (9,205293639,'1985-01-06',1),
        (10,230597752,'1984-05-14',1),
        (11,297766014,'1985-08-05',1),
        (12,273758048,'1980-11-12',2),
        (13,252152474,'1989-09-12',1),
        (14,281791621,'1985-04-09',1),
        (15,267106516,'1987-10-17',1),
        (16,209461642,'1983-05-05',1),
        (17,280648047,'1992-12-07',1),
        (18,298994994,'1989-02-19',1),
        (19,223752496,'1984-01-18',1),
        (20,208354015,'1981-12-05',1);
               
INSERT INTO Plataforma (id,nome)
VALUES 	(1,'Facebook'),
				(2,'Intagram'),
				(3,'Twitter'),
				(4,'GoogleAds'),
				(5,'Youtube');

INSERT INTO Evento (Id,Nome,Descricao,Tipo,data,DataInicioRegistoParticipantes,DataFimRegistoParticipantes,Duracao,Preco,NumeroMaximoDeParticipantes,Local_Entidade_Id)
VALUES 	(1,'Quiver','Concerto do Quiver',5,'2017-08-23','2017-08-10','2017-08-23',CURRENT_TIME(),29.99,39,36),
        (2,'DJ Maximus','Concerto do DJ Maximus',5,'2017-06-09','2017-05-26','2017-06-08',CURRENT_TIME(),35.99,38,37),
        (3,'Dreamer','Concerto do Dreamer',5,'2017-10-08','2017-09-24','2017-10-07',CURRENT_TIME(),36.99,39,38),
        (4,'DJ Luck','Concerto do DJ Luck',5,'2017-02-08','2017-01-26','2017-02-08',CURRENT_TIME(),33.99,46,39),
        (5,'DJ Pandemonium','Concerto do DJ Pandemonium',5,'2017-05-18','2017-05-03','2017-05-16',CURRENT_TIME(),38.99,43,40),
        (6,'DJ Pyro','Concerto do DJ Pyro',5,'2017-09-25','2017-09-08','2017-09-21',CURRENT_TIME(),29.99,33,41),
        (7,'Impulse','Concerto do Impulse',5,'2017-01-13','2016-12-30','2017-01-12',CURRENT_TIME(),27.99,34,42),
        (8,'Fusion','Concerto do Fusion',5,'2017-06-20','2017-06-06','2017-06-19',CURRENT_TIME(),22.99,37,43),
        (9,'Witness','Concerto do Witness',5,'2017-06-24','2017-06-07','2017-06-20',CURRENT_TIME(),29.99,32,44),
        (10,'Carnage','Concerto do Carnage',5,'2017-04-12','2017-03-26','2017-04-08',CURRENT_TIME(),21.99,46,45),
        (11,'DJ Lumière','Concerto do DJ Lumière',5,'2017-06-10','2017-05-27','2017-06-09',CURRENT_TIME(),36.99,32,46),
        (12,'DJ Blanche','Concerto do DJ Blanche',5,'2017-12-22','2017-12-08','2017-12-21',CURRENT_TIME(),36.99,49,47),
        (13,'DJ Tornade','Concerto do DJ Tornade',5,'2017-11-25','2017-11-10','2017-11-23',CURRENT_TIME(),27.99,44,48),
        (14,'Acoustiques','Concerto do Acoustiques',5,'2017-06-08','2017-05-25','2017-06-07',CURRENT_TIME(),34.99,39,49),
        (15,'Ruse','Concerto do Ruse',5,'2017-06-19','2017-06-05','2017-06-18',CURRENT_TIME(),37.99,30,50),
        (16,'DJ Rêveur','Concerto do DJ Rêveur',5,'2017-05-13','2017-04-29','2017-05-12',CURRENT_TIME(),28.99,33,51),
        (17,'Airtiste','Concerto do Airtiste',5,'2017-09-19','2017-09-02','2017-09-15',CURRENT_TIME(),36.99,38,52),
        (18,'Visage','Concerto do Visage',5,'2017-10-13','2017-09-26','2017-10-09',CURRENT_TIME(),38.99,43,53),
        (19,'DJ Charme','Concerto do DJ Charme',5,'2017-05-26','2017-05-09','2017-05-22',CURRENT_TIME(),21.99,40,54),
        (20,'DJ Témoin','Concerto do DJ Témoin',5,'2017-08-11','2017-07-25','2017-08-07',CURRENT_TIME(),32.99,46,55),
        (21,'Aberrant','Concerto do Aberrant',5,'2017-03-19','2017-03-02','2017-03-15',CURRENT_TIME(),34.99,45,56);
                

INSERT INTO Organizador_has_evento (Evento_id,Organizador_Entidade_id)
VALUES 	
		(1,21),
        (2,34),
        (3,23),
        (4,31),
        (5,22),
        (6,25),
        (7,35),
        (8,31),
        (9,26),
        (10,24),
        (11,26),
        (12,24),
        (13,21),
        (14,27),
        (15,27),
        (16,22),
        (17,35),
        (18,21),
        (19,20),
        (20,28),
        (21,31),
        (21,23),
        (6,32),
        (19,27),
        (6,30),
        (16,26),
        (20,21),
        (1,26),
        (2,32),
        (5,33),
        (3,21);
                
INSERT INTO Divulgacao(Id,Conteudo,Tipo,Custo,DataInicio,DataFim,Evento_id,Plataforma_id)
VALUES (1,'Concerto do Quiver',6,290.99,'2017-08-10','2017-08-23',1,1),
        (2,'Concerto do DJ Maximus',8,305.99,'2017-05-26','2017-06-08',2,4),
        (3,'Concerto do Dreamer',1,306.99,'2017-09-24','2017-10-07',3,4),
        (4,'Concerto do DJ Luck',7,330.99,'2017-01-26','2017-02-08',4,4),
        (5,'Concerto do DJ Pandemonium',1,308.99,'2017-05-03','2017-05-16',5,5),
        (6,'Concerto do DJ Pyro',3,290.99,'2017-09-08','2017-09-21',6,3),
        (7,'Concerto do Impulse',10,270.99,'2016-12-30','2017-01-12',7,2),
        (8,'Concerto do Fusion',1,220.99,'2017-06-06','2017-06-19',8,5),
        (9,'Concerto do Witness',7,209.99,'2017-06-07','2017-06-20',9,5),
        (10,'Concerto do Carnage',2,201.99,'2017-03-26','2017-04-08',10,1),
        (11,'Concerto do DJ Lumière',9,36.99,'2017-05-27','2017-06-09',11,1),
        (12,'Concerto do DJ Blanche',3,369.99,'2017-12-08','2017-12-21',12,4),
        (13,'Concerto do DJ Tornade',1,278.99,'2017-11-10','2017-11-23',13,5),
        (14,'Concerto do Acoustiques',3,3400.99,'2017-05-25','2017-06-07',14,4),
        (15,'Concerto do Ruse',7,3798.99,'2017-06-05','2017-06-18',15,4),
        (16,'Concerto do DJ Rêveur',1,2889.99,'2017-04-29','2017-05-12',16,3),
        (17,'Concerto do Airtiste',1,3896.99,'2017-09-02','2017-09-15',17,2),
        (18,'Concerto do Visage',1,38896.99,'2017-09-26','2017-10-09',18,5),
        (19,'Concerto do DJ Charme',5,2178.99,'2017-05-09','2017-05-22',19,4),
        (20,'Concerto do DJ Témoin',2,3278.99,'2017-07-25','2017-08-07',20,1),
		(22,'Quiver Strikes Back',6,390.99,'2017-08-10','2017-08-23',1,3),
		(23,'Concerto do Rei',1,306.99,'2017-09-24','2017-10-07',3,1),
		(24,'Concerto de Ourives',6,334.99,'2017-09-24','2017-10-07',4,4);

####

INSERT INTO PermiteEntrada_Evento_Participante_Divulgacao (Evento_Id,Participante_Entidade_Id, Divulgacao_Id, Classificacao, Preco, Lugar)
VALUES	(1,5,1,4,54,'L15'),
        (1,15,22,3,54,'L12'),
        (1,17,1,6,54,'L8'),
        (2,5,2,5,52,'L41'),
        (2,3,2,3,52,'L30'),
        (3,6,3,6,24,'L15'),
        (3,4,3,4,24,'L14'),
        (3,20,3,5,24,'L13'),
		(3, 3, 23, 3,23,'L11'),
        (4,3,4,7,22,'L40'),
        (4,17,4,6,22,'L14'),
        (4,4,4,3,22,'L5'),
		(4,1,24,9,23,'L13'),
        (5,20,5,6,32,'L36'),
        (5,17,5,5,32,'L41'),
        (5,19,5,3,32,'L11'),
        (6,20,6,4,32,'L21'),
        (6,19,6,3,32,'L24'),
        (7,3,7,3,10,'L46'),
        (7,9,7,5,10,'L21'),
        (7,1,7,4,10,'L42'),
        (8,15,8,6,12,'L27'),
        (8,12,8,4,12,'L45'),
        (9,12,9,5,12,'L44'),
        (9,17,9,7,12,'L17'),
        (10,17,10,7,10,'L35'),
        (10,14,10,4,10,'L36'),
        (10,2,10,7,10,'L28'),
        (11,3,11,7,45,'L1'),
        (11,20,11,6,45,'L18'),
        (11,19,11,3,45,'L11'),
        (12,4,12,3,44,'L47'),
        (12,6,12,4,44,'L23'),
        (12,17,12,4,44,'L29'),
        (13,2,13,7,20,'L38'),
        (13,20,13,5,20,'L25'),
        (13,7,13,4,20,'L31'),
        (14,11,14,7,15,'L14'),
        (14,5,14,3,15,'L48'),
        (15,10,15,3,15,'L32'),
        (15,7,15,7,15,'L36'),
        (15,1,15,5,15,'L8'),
        (16,4,16,4,12,'L10'),
        (16,9,16,6,12,'L9'),
        (16,16,16,4,12,'L1'),
        (17,9,17,7,12,'L31'),
        (17,10,17,5,12,'L24'),
        (17,4,17,4,12,'L47'),
        (18,11,18,7,39,'L49'),
        (18,2,18,5,39,'L4'),
        (18,12,18,6,39,'L5'),
        (19,8,19,3,39,'L26'),
        (19,15,19,6,39,'L31'),
        (19,7,19,7,39,'L0'),
        (20,6,20,6,90,'L21'),
        (20,19,20,6,90,'L7'),
        (20,17,20,3,90,'L11');
